{
  "project_info": {
    "project_number": "811546471168",
    "firebase_url": "https://helpaid-af2c3.firebaseio.com",
    "project_id": "helpaid-af2c3",
    "storage_bucket": "helpaid-af2c3.appspot.com"
  },
  "client": [
    {
      "client_info": {
        "mobilesdk_app_id": "1:811546471168:android:b523d3809cb6dfa94ba1e5",
        "android_client_info": {
          "package_name": "com.example.helpaid"
        }
      },
      "oauth_client": [
        {
          "client_id": "811546471168-fi2dukl7jsovti6smsp34mdra6tdcdff.apps.googleusercontent.com",
          "client_type": 1,
          "android_info": {
            "package_name": "com.example.helpaid",
            "certificate_hash": "fd3c55ec8608f055bdfd279b5a6be330b707c173"
          }
        },
        {
          "client_id": "811546471168-7c7kq4h834t93vfp7jhv8le71f5i5gcf.apps.googleusercontent.com",
          "client_type": 3
        }
      ],
      "api_key": [
        {
          "current_key": "AIzaSyCAeDdq2O1Yfdd9K8MlcfhETBdKph_O2X0"
        }
      ],
      "services": {
        "appinvite_service": {
          "other_platform_oauth_client": [
            {
              "client_id": "811546471168-7c7kq4h834t93vfp7jhv8le71f5i5gcf.apps.googleusercontent.com",
              "client_type": 3
            }
          ]
        }
      }
    }
  ],
  "configuration_version": "1"
}